ImageName,Labels
image_1,1
image_2,0
image_3,1
image_4,0
image_5,1
image_6,1
image_7,1
image_8,1
image_9,0
image_10,1
image_11,1
image_12,1
image_13,1
image_14,1
image_15,1
image_16,1
image_17,1
image_18,1
image_19,1
image_20,1
image_21,1
image_22,1
image_23,1
image_24,1
image_25,1
image_26,1
image_27,1
image_28,0
image_29,1
image_30,1
image_31,1
image_32,1
image_33,1
image_34,1
image_35,0
image_36,1
image_37,1
image_38,0
image_39,0
image_40,0
image_41,1
image_42,1
image_43,1
image_44,1
image_45,1
image_46,1
image_47,1
image_48,0
image_49,1
image_50,1
image_51,1
image_52,0
image_53,1
image_54,1
image_55,1
image_56,1
image_57,1
image_58,1
image_59,1
image_60,1
image_61,0
image_62,1
image_63,1
image_64,0
image_65,1
image_66,1
image_67,1
image_68,1
image_69,1
image_70,1
image_71,1
image_72,1
image_73,1
image_74,1
image_75,1
image_76,1
image_77,1
image_78,1
image_79,1
image_80,1
image_81,1
image_82,1
image_83,1
image_84,1
image_85,1
image_86,1
image_87,1
image_88,1
image_89,1
image_90,1
image_91,1
image_92,1
image_93,1
image_94,1
image_95,0
image_96,1
image_97,1
image_98,1
image_99,1
image_100,1
image_101,1
image_102,1
image_103,1
image_104,1
image_105,1
image_106,1
image_107,0
image_108,1
image_109,1
image_110,1
image_111,1
image_112,1
image_113,1
image_114,1
image_115,1
image_116,1
image_117,1
image_118,1
image_119,1
image_120,1
image_121,1
image_122,1
image_123,1
image_124,1
image_125,0
image_126,1
image_127,1
image_128,1
image_129,1
image_130,1
image_131,1
image_132,1
image_133,0
image_134,0
image_135,1
image_136,1
image_137,1
image_138,1
image_139,1
image_140,0
image_141,1
image_142,0
image_143,1
image_144,1
image_145,1
image_146,1
image_147,1
image_148,1
image_149,1
image_150,1
image_151,0
image_152,0
image_153,1
image_154,1
image_155,0
image_156,0
image_157,1
image_158,1
image_159,1
image_160,1
image_161,1
image_162,1
image_163,1
image_164,1
image_165,1
image_166,1
image_167,1
image_168,1
image_169,1
image_170,1
image_171,1
image_172,1
image_173,1
image_174,1
image_175,1
image_176,1
image_177,0
image_178,1
image_179,1
image_180,1
image_181,1
image_182,1
image_183,1
image_184,0
image_185,1
image_186,1
image_187,0
image_188,1
image_189,0
image_190,0
image_191,1
image_192,1
image_193,1
image_194,1
image_195,1
image_196,1
image_197,1
image_198,1
image_199,1
image_200,1
image_201,1
image_202,1
image_203,1
image_204,1
image_205,1
image_206,1
image_207,1
image_208,1
image_209,1
image_210,1
image_211,1
image_212,1
image_213,1
image_214,1
image_215,0
image_216,1
image_217,1
image_218,1
image_219,1
image_220,1
image_221,1
image_222,0
image_223,0
image_224,1
image_225,1
image_226,0
image_227,1
image_228,1
image_229,1
image_230,1
image_231,1
image_232,1
image_233,1
image_234,1
image_235,1
image_236,1
image_237,1
image_238,1
image_239,0
image_240,1
image_241,1
image_242,1
image_243,1
image_244,1
image_245,1
image_246,1
image_247,1
image_248,1
image_249,1
image_250,1
image_251,1
image_252,1
image_253,1
image_254,0
image_255,1
image_256,1
image_257,0
image_258,0
image_259,0
image_260,1
image_261,0
image_262,0
image_263,0
image_264,0
image_265,1
image_266,0
image_267,0
image_268,0
image_269,1
image_270,0
image_271,0
image_272,1
image_273,0
image_274,0
image_275,0
image_276,1
image_277,1
image_278,0
image_279,0
image_280,0
image_281,0
image_282,0
image_283,0
image_284,1
image_285,1
image_286,0
image_287,1
image_288,1
image_289,0
image_290,1
image_291,1
image_292,1
image_293,1
image_294,1
image_295,0
image_296,1
image_297,0
image_298,0
image_299,0
image_300,0
image_301,0
image_302,1
image_303,1
image_304,0
image_305,0
image_306,0
image_307,1
image_308,0
image_309,0
image_310,0
image_311,0
image_312,0
image_313,0
image_314,0
image_315,0
image_316,0
image_317,1
image_318,0
image_319,0
image_320,1
image_321,1
image_322,1
image_323,0
image_324,1
image_325,0
image_326,0
image_327,0
image_328,0
image_329,0
image_330,1
image_331,0
image_332,1
image_333,0
image_334,0
image_335,0
image_336,0
image_337,0
image_338,0
image_339,0
image_340,0
image_341,1
image_342,1
image_343,0
image_344,1
image_345,1
image_346,0
image_347,1
image_348,0
image_349,0
image_350,0
image_351,0
image_352,1
image_353,1
image_354,1
image_355,1
image_356,0
image_357,0
image_358,1
image_359,0
image_360,0
image_361,0
image_362,0
image_363,1
image_364,1
image_365,1
image_366,1
image_367,1
image_368,0
image_369,0
image_370,1
image_371,0
image_372,1
image_373,0
image_374,0
image_375,0
image_376,1
image_377,0
image_378,0
image_379,1
image_380,1
image_381,0
image_382,1
image_383,0
image_384,0
image_385,1
image_386,1
image_387,1
image_388,1
image_389,0
image_390,1
image_391,0
image_392,0
image_393,0
image_394,1
image_395,0
image_396,0
image_397,1
image_398,1
image_399,1
image_400,1
image_401,0
image_402,1
image_403,1
image_404,0
image_405,1
image_406,0
image_407,0
image_408,0
image_409,0
image_410,0
image_411,0
image_412,0
image_413,1
image_414,0
image_415,0
image_416,0
image_417,0
image_418,0
image_419,0
image_420,1
image_421,1
image_422,0
image_423,0
image_424,0
image_425,1
image_426,0
image_427,0
image_428,0
image_429,0
image_430,0
image_431,0
image_432,0
image_433,0
image_434,0
image_435,0
image_436,0
image_437,0
image_438,1
image_439,0
image_440,1
image_441,0